,weighted avg.f1-score,weighted avg.support,strategy,valid_label,accuracy,0.precision,0.recall,0.f1-score,0.support,1.precision,1.recall,1.f1-score,1.support,2.precision,2.recall,2.f1-score,2.support,3.precision,3.recall,3.f1-score,3.support,macro avg.precision,macro avg.recall,macro avg.f1-score,macro avg.support,weighted avg.precision,weighted avg.recall
0,0.9367802585193891,46.0,FSI Outlines,1.0,0.9130434782608695,0.6666666666666666,1.0,0.8,4.0,1.0,0.8974358974358975,0.9459459459459459,39.0,1.0,1.0,1.0,3.0,0.0,0.0,0.0,0.0,0.6666666666666666,0.7243589743589743,0.6864864864864865,46.0,0.9710144927536232,0.9130434782608695
0,0.9539243365330322,46.0,FSI Outlines + S2A,1.0,0.9347826086956522,1.0,1.0,1.0,4.0,0.9736842105263158,0.9487179487179487,0.961038961038961,39.0,1.0,0.6666666666666666,0.8,3.0,0.0,0.0,0.0,0.0,0.743421052631579,0.6538461538461539,0.6902597402597404,46.0,0.9776887871853547,0.9347826086956522
